{
  "project_info": {
    "project_number": "924791435294",
    "project_id": "project1-e5671",
    "storage_bucket": "project1-e5671.appspot.com"
  },
  "client": [
    {
      "client_info": {
        "mobilesdk_app_id": "1:924791435294:android:88f1d0b1f603cefe69be0f",
        "android_client_info": {
          "package_name": "com.gluhovceva.myfirstapplication"
        }
      },
      "oauth_client": [
        {
          "client_id": "924791435294-mlqqvmg887b4tqtfsrub3pvvb4po7440.apps.googleusercontent.com",
          "client_type": 1,
          "android_info": {
            "package_name": "com.gluhovceva.myfirstapplication",
            "certificate_hash": "702be55c018d8dad5b00fe8c43c5a321dc6803e5"
          }
        },
        {
          "client_id": "924791435294-9suh2u4no9m8ug34s13v8e0h2a8qtrv0.apps.googleusercontent.com",
          "client_type": 3
        }
      ],
      "api_key": [
        {
          "current_key": "AIzaSyCakRahyt9tdP3m1VT-Eg6UNsWcWpRSQak"
        }
      ],
      "services": {
        "appinvite_service": {
          "other_platform_oauth_client": [
            {
              "client_id": "924791435294-9suh2u4no9m8ug34s13v8e0h2a8qtrv0.apps.googleusercontent.com",
              "client_type": 3
            }
          ]
        }
      }
    }
  ],
  "configuration_version": "1"
}